<?xml version="1.0" encoding="UTF-8"?>
<project-private xmlns="http://www.netbeans.org/ns/project-private/1">
    <editor-bookmarks xmlns="http://www.netbeans.org/ns/editor-bookmarks/2" lastBookmarkId="0"/>
    <open-files xmlns="http://www.netbeans.org/ns/projectui-open-files/2">
        <group>
            <file>file:/C:/Users/shaaf/Desktop/BSCS-4/Database%20labs/Project/src/project/createaccount.java</file>
            <file>file:/C:/Users/shaaf/Desktop/BSCS-4/Database%20labs/Project/src/project/createFaccount.java</file>
            <file>file:/C:/Users/shaaf/Desktop/BSCS-4/Database%20labs/Project/src/project/studentPage.java</file>
            <file>file:/C:/Users/shaaf/Desktop/BSCS-4/Database%20labs/Project/src/project/myaccount.java</file>
            <file>file:/C:/Users/shaaf/Desktop/BSCS-4/Database%20labs/Project/src/project/Conn.java</file>
            <file>file:/C:/Users/shaaf/Desktop/BSCS-4/Database%20labs/Project/src/project/studentPage1.java</file>
            <file>file:/C:/Users/shaaf/Desktop/BSCS-4/Database%20labs/Project/src/project/login.java</file>
            <file>file:/C:/Users/shaaf/Desktop/BSCS-4/Database%20labs/Project/src/project/facultyPage.java</file>
            <file>file:/C:/Users/shaaf/Desktop/BSCS-4/Database%20labs/Project/src/project/studentRecord.java</file>
            <file>file:/C:/Users/shaaf/Desktop/BSCS-4/Database%20labs/Project/src/project/facultyRecord.java</file>
        </group>
    </open-files>
</project-private>
